"","pid","N.items","PersonScores","PersonMax","theta","error","WLE.rel"
"1",1,16,10,1015,-2.4687057363079,0.0837155647706348,0.987873861982143
"2",2,16,10,1015,-2.4687057363079,0.0837155647706348,0.987873861982143
"3",3,16,13,1015,-2.45043897108274,0.0702358068017806,0.987873861982143
"4",4,16,9,1015,-2.56257143476153,0.139491065801939,0.987873861982143
"5",5,16,17,1015,-2.43659718940564,0.0638603057815939,0.987873861982143
"6",6,16,12,1015,-2.45484449462538,0.0732703705504573,0.987873861982143
"7",7,16,17,1015,-2.43659718940564,0.0638603057815939,0.987873861982143
"8",8,16,13,1015,-2.45043897108274,0.0702358068017806,0.987873861982143
"9",9,16,14,1015,-2.44671107979038,0.0678125911795448,0.987873861982143
"10",10,16,20,1015,-2.43087450076943,0.0590648125654808,0.987873861982143
"11",11,16,16,1015,-2.44050090562922,0.0640736345078925,0.987873861982143
"12",12,16,20,1015,-2.43087450076943,0.0590648125654808,0.987873861982143
"13",13,16,17,1015,-2.43659718940564,0.0638603057815939,0.987873861982143
"14",14,16,18,1015,-2.43540698580686,0.0612084784554364,0.987873861982143
"15",15,16,20,1015,-2.43087450076943,0.0590648125654808,0.987873861982143
"16",16,16,27,1015,-2.57252175506301,0.163871336046972,0.987873861982143
"17",17,16,26,1015,-2.41906886389388,0.0551047538292886,0.987873861982143
"18",18,16,23,1015,-2.42453845144998,0.05682424824573,0.987873861982143
"19",19,16,27,1015,-2.57252175506301,0.163871336046972,0.987873861982143
"20",20,16,22,1015,-2.42651878323021,0.0575210046991008,0.987873861982143
"21",21,16,26,1015,-2.41906886389388,0.0551047538292886,0.987873861982143
"22",22,16,29,1015,-2.61350812384869,0.0854019756739927,0.987873861982143
"23",23,16,29,1015,-2.61350812384869,0.0854019756739927,0.987873861982143
"24",24,16,33,1015,-2.21934525642593,0.110070241746357,0.987873861982143
"25",25,16,32,1015,-2.41130908961457,0.0528595376571364,0.987873861982143
"26",26,16,37,1015,-2.93384790160444,0.138711054217309,0.987873861982143
"27",27,16,30,1015,-2.58364829466914,0.311442573050466,0.987873861982143
"28",28,16,31,1015,-2.41094929171362,0.053316355540373,0.987873861982143
"29",29,16,36,1015,-3.35289709436319,0.181151771389271,0.987873861982143
"30",30,16,42,1015,-2.04854455223943,0.12135944368546,0.987873861982143
"31",31,16,38,1015,-2.41580692303712,0.351698431311576,0.987873861982143
"32",32,16,38,1015,-2.41580692303712,0.351698431311576,0.987873861982143
"33",33,16,41,1015,-2.18060407115738,0.0983648866073377,0.987873861982143
"34",34,16,47,1015,-1.77640809525959,0.143931566256667,0.987873861982143
"35",35,16,39,1015,-2.26440973451861,0.0839564428843209,0.987873861982143
"36",36,16,41,1015,-2.18060407115738,0.0983648866073377,0.987873861982143
"37",37,16,49,1015,-1.85046240251587,0.0596445365353159,0.987873861982143
"38",38,16,49,1015,-1.85046240251587,0.0596445365353159,0.987873861982143
"39",39,16,49,1015,-1.85046240251587,0.0596445365353159,0.987873861982143
"40",40,16,45,1015,-2.41649019829237,0.0627434349807714,0.987873861982143
"41",41,16,49,1015,-1.85046240251587,0.0596445365353159,0.987873861982143
"42",42,16,44,1015,-1.86771773252071,0.073571454674397,0.987873861982143
"43",43,16,46,1015,-1.86038061060766,0.062397249818709,0.987873861982143
"44",44,16,51,1015,-1.99107708274203,0.11147135194146,0.987873861982143
"45",45,16,48,1015,-1.85563652779819,0.0562394944602721,0.987873861982143
"46",46,16,51,1015,-1.99107708274203,0.11147135194146,0.987873861982143
"47",47,16,53,1015,-1.84745793221022,0.0476383819650902,0.987873861982143
"48",48,16,55,1015,-1.84485607385186,0.0455115582292984,0.987873861982143
"49",49,16,53,1015,-1.84745793221022,0.0476383819650902,0.987873861982143
"50",50,16,54,1015,-2.37466903672328,0.0591993558602567,0.987873861982143
"51",51,16,60,1015,-1.63706399882085,0.1343997737019,0.987873861982143
"52",52,16,58,1015,-2.35642494202891,0.0562211714245527,0.987873861982143
"53",53,16,60,1015,-1.63706399882085,0.1343997737019,0.987873861982143
"54",54,16,62,1015,-1.82794922604923,0.0470662699220756,0.987873861982143
"55",55,16,61,1015,-1.83902802379869,0.0404630980790782,0.987873861982143
"56",56,16,60,1015,-1.63706399882085,0.1343997737019,0.987873861982143
"57",57,16,63,1015,-1.82186288723787,0.0492932168249331,0.987873861982143
"58",58,16,68,1015,-1.83306934884447,0.0372733653403984,0.987873861982143
"59",59,16,61,1015,-1.83902802379869,0.0404630980790782,0.987873861982143
"60",60,16,65,1015,-2.08493630847832,0.155442435588621,0.987873861982143
"61",61,16,70,1015,-1.6986824086746,0.0816826434326796,0.987873861982143
"62",62,16,68,1015,-1.83306934884447,0.0372733653403984,0.987873861982143
"63",63,16,71,1015,-1.82814956137443,0.0376624630039653,0.987873861982143
"64",64,16,68,1015,-1.83306934884447,0.0372733653403984,0.987873861982143
"65",65,16,72,1015,-1.77277442201672,0.306441897368303,0.987873861982143
"66",66,16,75,1015,-1.75380530522588,0.311922911179771,0.987873861982143
"67",67,16,76,1015,-1.65278308130285,0.294800259753397,0.987873861982143
"68",68,16,77,1015,-1.65202068116221,0.202691081497179,0.987873861982143
"69",69,16,76,1015,-1.65278308130285,0.294800259753397,0.987873861982143
"70",70,16,79,1015,-2.00256443385476,0.164821013398133,0.987873861982143
"71",71,16,75,1015,-1.75380530522588,0.311922911179771,0.987873861982143
"72",72,16,77,1015,-1.65202068116221,0.202691081497179,0.987873861982143
"73",73,16,81,1015,-2.22932125484807,0.133552570897822,0.987873861982143
"74",74,16,80,1015,-1.98038090126599,0.166834814506868,0.987873861982143
"75",75,16,83,1015,-2.09016964967795,0.166675430476608,0.987873861982143
"76",76,16,86,1015,-1.82144175213132,0.0334202440082036,0.987873861982143
"77",77,16,81,1015,-2.22932125484807,0.133552570897822,0.987873861982143
"78",78,16,83,1015,-2.09016964967795,0.166675430476608,0.987873861982143
"79",79,16,85,1015,-1.46732280811465,0.272283309687393,0.987873861982143
"80",80,16,87,1015,-1.83136971866181,0.0335896203080193,0.987873861982143
"81",81,16,84,1015,-1.83816052327657,0.0609168922991131,0.987873861982143
"82",82,16,86,1015,-1.82144175213132,0.0334202440082036,0.987873861982143
"83",83,16,93,1015,-1.87725851812893,0.167069430760762,0.987873861982143
"84",84,16,92,1015,-1.58339089994049,0.171418848684715,0.987873861982143
"85",85,16,91,1015,-1.89372248481159,0.23665059828712,0.987873861982143
"86",86,16,90,1015,-2.69746944272581,0.145167755672643,0.987873861982143
"87",87,16,91,1015,-1.89372248481159,0.23665059828712,0.987873861982143
"88",88,16,100,1015,-1.72757886748196,0.279621992452356,0.987873861982143
"89",89,16,99,1015,-1.81106395704167,0.0330223939179034,0.987873861982143
"90",90,16,101,1015,-1.62717126979448,0.311813777221404,0.987873861982143
"91",91,16,100,1015,-1.72757886748196,0.279621992452356,0.987873861982143
"92",92,16,100,1015,-1.72757886748196,0.279621992452356,0.987873861982143
"93",93,16,98,1015,-1.75169948463742,0.046356993232251,0.987873861982143
"94",94,16,97,1015,-1.82072421286153,0.0337099546349394,0.987873861982143
"95",95,16,102,1015,-2.16451898105275,0.0572750397267302,0.987873861982143
"96",96,16,105,1015,-2.45253709921261,0.154330952215535,0.987873861982143
"97",97,16,100,1015,-1.72757886748196,0.279621992452356,0.987873861982143
"98",98,16,107,1015,-2.02612993263257,0.0672709388851482,0.987873861982143
"99",99,16,109,1015,-1.80669409336224,0.033621199038017,0.987873861982143
"100",100,16,104,1015,-2.21496875496078,0.0526548829815486,0.987873861982143
"101",101,16,108,1015,-1.73523323619028,0.286643858271009,0.987873861982143
"102",102,16,108,1015,-1.73523323619028,0.286643858271009,0.987873861982143
"103",103,16,110,1015,-1.72314964143752,0.120934982654971,0.987873861982143
"104",104,16,109,1015,-1.80669409336224,0.033621199038017,0.987873861982143
"105",105,16,108,1015,-1.73523323619028,0.286643858271009,0.987873861982143
"106",106,16,111,1015,-1.80499279547703,0.033753079438461,0.987873861982143
"107",107,16,118,1015,-1.52736518497499,0.182999705115485,0.987873861982143
"108",108,16,113,1015,-2.26227072368956,0.154383357867991,0.987873861982143
"109",109,16,114,1015,-2.02636765249624,0.106532281659837,0.987873861982143
"110",110,16,119,1015,-1.80057228584214,0.0355933009159244,0.987873861982143
"111",111,16,119,1015,-1.80057228584214,0.0355933009159244,0.987873861982143
"112",112,16,113,1015,-2.26227072368956,0.154383357867991,0.987873861982143
"113",113,16,119,1015,-1.80057228584214,0.0355933009159244,0.987873861982143
"114",114,16,121,1015,-1.79799380659342,0.0355706380308009,0.987873861982143
"115",115,16,119,1015,-1.80057228584214,0.0355933009159244,0.987873861982143
"116",116,16,121,1015,-1.79799380659342,0.0355706380308009,0.987873861982143
"117",117,16,119,1015,-1.80057228584214,0.0355933009159244,0.987873861982143
"118",118,16,124,1015,-1.80512766509504,0.0424787737019461,0.987873861982143
"119",119,16,125,1015,-1.79650507511475,0.0378833040139949,0.987873861982143
"120",120,16,126,1015,-1.78653709661107,0.0333829386749408,0.987873861982143
"121",121,16,125,1015,-1.79650507511475,0.0378833040139949,0.987873861982143
"122",122,16,130,1015,-1.58505726584483,0.0573876475409574,0.987873861982143
"123",123,16,135,1015,-1.78601373371697,0.0435522586936629,0.987873861982143
"124",124,16,127,1015,-1.79321485342573,0.0375664549671663,0.987873861982143
"125",125,16,131,1015,-1.74156322007976,0.0378912193236267,0.987873861982143
"126",126,16,134,1015,-1.78720538656362,0.0426382693037791,0.987873861982143
"127",127,16,133,1015,-1.78839998395813,0.0419030502884149,0.987873861982143
"128",128,16,131,1015,-1.74156322007976,0.0378912193236267,0.987873861982143
"129",129,16,140,1015,-1.77810775649508,0.049960993733687,0.987873861982143
"130",130,16,133,1015,-1.78839998395813,0.0419030502884149,0.987873861982143
"131",131,16,135,1015,-1.78601373371697,0.0435522586936629,0.987873861982143
"132",132,16,141,1015,-1.77585711540266,0.0520262085497035,0.987873861982143
"133",133,16,139,1015,-1.78003766217046,0.04827121312857,0.987873861982143
"134",134,16,144,1015,-1.7589672922596,0.0698174686578407,0.987873861982143
"135",135,16,138,1015,-1.7817451393004,0.0468417592944416,0.987873861982143
"136",136,16,142,1015,-1.77308992564655,0.0546955060863549,0.987873861982143
"137",137,16,144,1015,-1.7589672922596,0.0698174686578407,0.987873861982143
"138",138,16,147,1015,-1.33878341423581,0.130140745850725,0.987873861982143
"139",139,16,146,1015,-1.35755363020085,0.135928709208195,0.987873861982143
"140",140,16,146,1015,-1.35755363020085,0.135928709208195,0.987873861982143
"141",141,16,148,1015,-1.32303570957759,0.125454752074811,0.987873861982143
"142",142,16,150,1015,-1.29643647403968,0.118284423362906,0.987873861982143
"143",143,16,149,1015,-1.30917637277578,0.121580910815257,0.987873861982143
"144",144,16,148,1015,-1.32303570957759,0.125454752074811,0.987873861982143
"145",145,16,156,1015,-1.17863015177554,0.0306909171219581,0.987873861982143
"146",146,16,156,1015,-1.17863015177554,0.0306909171219581,0.987873861982143
"147",147,16,153,1015,-1.18154144319931,0.0306132819175474,0.987873861982143
"148",148,16,152,1015,-1.27024340294066,0.112154727883413,0.987873861982143
"149",149,16,153,1015,-1.18154144319931,0.0306132819175474,0.987873861982143
"150",150,16,154,1015,-1.18125349329736,0.0300500164544337,0.987873861982143
"151",151,16,156,1015,-1.17863015177554,0.0306909171219581,0.987873861982143
"152",152,16,160,1015,-1.17870683279591,0.028108316797219,0.987873861982143
"153",153,16,155,1015,-1.18275759051543,0.0280238871194228,0.987873861982143
"154",154,16,166,1015,-0.856671154744344,0.16130363987705,0.987873861982143
"155",155,16,158,1015,-1.17938240602873,0.028776444700987,0.987873861982143
"156",156,16,161,1015,-1.1075669391283,0.063232096005998,0.987873861982143
"157",157,16,167,1015,-1.43581087089666,0.237485262231557,0.987873861982143
"158",158,16,166,1015,-0.856671154744344,0.16130363987705,0.987873861982143
"159",159,16,165,1015,-1.28987154581571,0.176948966911519,0.987873861982143
"160",160,16,167,1015,-1.43581087089666,0.237485262231557,0.987873861982143
"161",161,16,165,1015,-1.28987154581571,0.176948966911519,0.987873861982143
"162",162,16,172,1015,-1.17403515437579,0.0259278285289523,0.987873861982143
"163",163,16,173,1015,-0.921493164419794,0.147374422432244,0.987873861982143
"164",164,16,168,1015,-1.07044907412457,0.111528254427214,0.987873861982143
"165",165,16,171,1015,-1.26933643484901,0.0372715743711361,0.987873861982143
"166",166,16,174,1015,-0.681301068654307,0.163224705657029,0.987873861982143
"167",167,16,174,1015,-0.681301068654307,0.163224705657029,0.987873861982143
"168",168,16,177,1015,-0.950368374009102,0.0782465231655856,0.987873861982143
"169",169,16,175,1015,-1.07931129784102,0.0660379237874654,0.987873861982143
"170",170,16,173,1015,-0.921493164419794,0.147374422432244,0.987873861982143
"171",171,16,175,1015,-1.07931129784102,0.0660379237874654,0.987873861982143
"172",172,16,177,1015,-0.950368374009102,0.0782465231655856,0.987873861982143
"173",173,16,184,1015,-1.16918279797208,0.0249674577114779,0.987873861982143
"174",174,16,180,1015,-1.09119863507168,0.0699235621164954,0.987873861982143
"175",175,16,181,1015,-1.26464546392491,0.167068996382833,0.987873861982143
"176",176,16,182,1015,-1.37702267367902,0.206744941133879,0.987873861982143
"177",177,16,181,1015,-1.26464546392491,0.167068996382833,0.987873861982143
"178",178,16,185,1015,-0.933703954381699,0.0810438145884758,0.987873861982143
"179",179,16,187,1015,-1.50866401518769,0.237439734962904,0.987873861982143
"180",180,16,184,1015,-1.16918279797208,0.0249674577114779,0.987873861982143
"181",181,16,187,1015,-1.50866401518769,0.237439734962904,0.987873861982143
"182",182,16,187,1015,-1.50866401518769,0.237439734962904,0.987873861982143
"183",183,16,187,1015,-1.50866401518769,0.237439734962904,0.987873861982143
"184",184,16,187,1015,-1.50866401518769,0.237439734962904,0.987873861982143
"185",185,16,190,1015,-1.15029749468217,0.0295775621849497,0.987873861982143
"186",186,16,194,1015,-1.16486580802262,0.0245851113300949,0.987873861982143
"187",187,16,193,1015,-1.8557698972389,0.139004558651003,0.987873861982143
"188",188,16,196,1015,-0.660703035461764,0.0199821742752912,0.987873861982143
"189",189,16,199,1015,-1.02859290020546,0.0742902240446962,0.987873861982143
"190",190,16,193,1015,-1.8557698972389,0.139004558651003,0.987873861982143
"191",191,16,201,1015,-1.08517869609756,0.162501340095909,0.987873861982143
"192",192,16,198,1015,-0.844752842668171,0.206397213653513,0.987873861982143
"193",193,16,201,1015,-1.08517869609756,0.162501340095909,0.987873861982143
"194",194,16,198,1015,-0.844752842668171,0.206397213653513,0.987873861982143
"195",195,16,204,1015,-1.37600391169611,0.13702587783844,0.987873861982143
"196",196,16,205,1015,-1.48886460418271,0.235334984707857,0.987873861982143
"197",197,16,209,1015,-1.42851636471356,0.225138001477602,0.987873861982143
"198",198,16,207,1015,-0.880676551550387,0.206604701523056,0.987873861982143
"199",199,16,208,1015,-1.03759860676877,0.160995260178953,0.987873861982143
"200",200,16,211,1015,-1.16769431988488,0.0256955558527883,0.987873861982143
"201",201,16,206,1015,-1.05235317210006,0.16261595966987,0.987873861982143
"202",202,16,209,1015,-1.42851636471356,0.225138001477602,0.987873861982143
"203",203,16,211,1015,-1.16769431988488,0.0256955558527883,0.987873861982143
"204",204,16,213,1015,-1.1611802092671,0.0245157610576812,0.987873861982143
"205",205,16,212,1015,-1.35593871314085,0.134454436759173,0.987873861982143
"206",206,16,210,1015,-1.10837912370737,0.165139428623413,0.987873861982143
"207",207,16,218,1015,-0.973464233783726,0.159814893316197,0.987873861982143
"208",208,16,212,1015,-1.35593871314085,0.134454436759173,0.987873861982143
"209",209,16,218,1015,-0.973464233783726,0.159814893316197,0.987873861982143
"210",210,16,220,1015,-0.797440199726624,0.171004538930254,0.987873861982143
"211",211,16,217,1015,-0.663360388664799,0.0211190558772828,0.987873861982143
"212",212,16,216,1015,-0.988734670083128,0.157315000948176,0.987873861982143
"213",213,16,218,1015,-0.973464233783726,0.159814893316197,0.987873861982143
"214",214,16,223,1015,-1.53569286897377,0.307006031449424,0.987873861982143
"215",215,16,218,1015,-0.973464233783726,0.159814893316197,0.987873861982143
"216",216,16,223,1015,-1.53569286897377,0.307006031449424,0.987873861982143
"217",217,16,222,1015,-0.304011888413651,0.117427585112122,0.987873861982143
"218",218,16,226,1015,-1.14849119347786,0.167069917713929,0.987873861982143
"219",219,16,225,1015,-0.694127079166597,0.148694507784309,0.987873861982143
"220",220,16,227,1015,-1.08545967823618,0.0350401699485792,0.987873861982143
"221",221,16,225,1015,-0.694127079166597,0.148694507784309,0.987873861982143
"222",222,16,224,1015,-0.995631204088477,0.136510905652885,0.987873861982143
"223",223,16,232,1015,-0.511214520120141,0.0912924297310746,0.987873861982143
"224",224,16,230,1015,-1.78274003236435,0.225857441388164,0.987873861982143
"225",225,16,229,1015,-1.1545193345935,0.0252589447594608,0.987873861982143
"226",226,16,236,1015,-1.45309995222574,0.273559398832827,0.987873861982143
"227",227,16,231,1015,-1.1539632255502,0.0255049444321651,0.987873861982143
"228",228,16,234,1015,-1.10379881922298,0.166997252966241,0.987873861982143
"229",229,16,241,1015,-1.05960893683915,0.178685504381833,0.987873861982143
"230",230,16,238,1015,-1.14866148132698,0.0252163779802974,0.987873861982143
"231",231,16,242,1015,-1.14429067431611,0.024634064202345,0.987873861982143
"232",232,16,235,1015,-0.645611190422576,0.0776170223641595,0.987873861982143
"233",233,16,242,1015,-1.14429067431611,0.024634064202345,0.987873861982143
"234",234,16,240,1015,-1.15292279943073,0.027920242382905,0.987873861982143
"235",235,16,239,1015,-0.927547690762765,0.136040172521391,0.987873861982143
"236",236,16,241,1015,-1.05960893683915,0.178685504381833,0.987873861982143
"237",237,16,242,1015,-1.14429067431611,0.024634064202345,0.987873861982143
"238",238,16,246,1015,-0.982128657230971,0.234145684430658,0.987873861982143
"239",239,16,244,1015,-1.15001548303919,0.0280478416545148,0.987873861982143
"240",240,16,245,1015,-1.15092288943509,0.0291028792589219,0.987873861982143
"241",241,16,248,1015,-0.773146653412934,0.116515243696754,0.987873861982143
"242",242,16,250,1015,-0.74450897548317,0.0954020066396315,0.987873861982143
"243",243,16,248,1015,-0.773146653412934,0.116515243696754,0.987873861982143
"244",244,16,253,1015,-0.724846072236323,0.0831417720698532,0.987873861982143
"245",245,16,256,1015,-0.711511544410008,0.0764889762466063,0.987873861982143
"246",246,16,253,1015,-0.724846072236323,0.0831417720698532,0.987873861982143
"247",247,16,253,1015,-0.724846072236323,0.0831417720698532,0.987873861982143
"248",248,16,261,1015,-0.694362096740881,0.0702910463772106,0.987873861982143
"249",249,16,258,1015,-0.704145771817477,0.0734881399440805,0.987873861982143
"250",250,16,257,1015,-0.707719732729343,0.0748819257230493,0.987873861982143
"251",251,16,255,1015,-0.715574492097749,0.0783549948509289,0.987873861982143
"252",252,16,259,1015,-1.14343513485808,0.0339714027174037,0.987873861982143
"253",253,16,259,1015,-1.14343513485808,0.0339714027174037,0.987873861982143
"254",254,16,259,1015,-1.14343513485808,0.0339714027174037,0.987873861982143
"255",255,16,261,1015,-0.694362096740881,0.0702910463772106,0.987873861982143
"256",256,16,266,1015,-1.13626577370812,0.0355571498972075,0.987873861982143
"257",257,16,265,1015,-0.596341886413684,0.0228999429658085,0.987873861982143
"258",258,16,265,1015,-0.596341886413684,0.0228999429658085,0.987873861982143
"259",259,16,269,1015,-1.13505745999055,0.0408837754456193,0.987873861982143
"260",260,16,262,1015,-0.691311159197556,0.0694917534350551,0.987873861982143
"261",261,16,266,1015,-1.13626577370812,0.0355571498972075,0.987873861982143
"262",262,16,274,1015,-0.605697220204661,0.224260338855901,0.987873861982143
"263",263,16,274,1015,-0.605697220204661,0.224260338855901,0.987873861982143
"264",264,16,268,1015,-0.674251709943066,0.066588612466801,0.987873861982143
"265",265,16,277,1015,-0.593044150618167,0.0200050504039301,0.987873861982143
"266",266,16,272,1015,-0.593925705504067,0.0214332528938714,0.987873861982143
"267",267,16,274,1015,-0.605697220204661,0.224260338855901,0.987873861982143
"268",268,16,279,1015,-0.592373705050784,0.01987865816069,0.987873861982143
"269",269,16,280,1015,-0.592149013537831,0.0197179129025196,0.987873861982143
"270",270,16,282,1015,-0.477390192408582,0.243448837567993,0.987873861982143
"271",271,16,278,1015,-0.596717420287852,0.0163350264532133,0.987873861982143
"272",272,16,279,1015,-0.592373705050784,0.01987865816069,0.987873861982143
"273",273,16,278,1015,-0.596717420287852,0.0163350264532133,0.987873861982143
"274",274,16,280,1015,-0.592149013537831,0.0197179129025196,0.987873861982143
"275",275,16,279,1015,-0.592373705050784,0.01987865816069,0.987873861982143
"276",276,16,281,1015,-0.59191856413218,0.0195729315156714,0.987873861982143
"277",277,16,289,1015,-0.420390534625661,0.223022042096731,0.987873861982143
"278",278,16,280,1015,-0.592149013537831,0.0197179129025196,0.987873861982143
"279",279,16,287,1015,-0.430597079117284,0.229116250558044,0.987873861982143
"280",280,16,286,1015,-0.590495481782038,0.0191864184972369,0.987873861982143
"281",281,16,286,1015,-0.590495481782038,0.0191864184972369,0.987873861982143
"282",282,16,286,1015,-0.590495481782038,0.0191864184972369,0.987873861982143
"283",283,16,291,1015,-0.969145124101746,0.227346426703734,0.987873861982143
"284",284,16,290,1015,-0.590411703290245,0.0181961608100846,0.987873861982143
"285",285,16,291,1015,-0.969145124101746,0.227346426703734,0.987873861982143
"286",286,16,290,1015,-0.590411703290245,0.0181961608100846,0.987873861982143
"287",287,16,292,1015,-0.635449005248489,0.0219157990225786,0.987873861982143
"288",288,16,291,1015,-0.969145124101746,0.227346426703734,0.987873861982143
"289",289,16,300,1015,-0.482362133286648,0.165093639924912,0.987873861982143
"290",290,16,302,1015,-0.587860810497946,0.0174312706217192,0.987873861982143
"291",291,16,298,1015,-0.989442321036273,0.213791388305565,0.987873861982143
"292",292,16,297,1015,-0.966389797756879,0.164631869711632,0.987873861982143
"293",293,16,299,1015,-1.54896558507194,0.0814201364604293,0.987873861982143
"294",294,16,300,1015,-0.482362133286648,0.165093639924912,0.987873861982143
"295",295,16,305,1015,-0.589816758837565,0.0162433826335645,0.987873861982143
"296",296,16,304,1015,-0.996412552101959,0.196212771295935,0.987873861982143
"297",297,16,304,1015,-0.996412552101959,0.196212771295935,0.987873861982143
"298",298,16,303,1015,-0.46643846460956,0.230738025050108,0.987873861982143
"299",299,16,307,1015,-0.656362086255457,0.0259107718642993,0.987873861982143
"300",300,16,307,1015,-0.656362086255457,0.0259107718642993,0.987873861982143
"301",301,16,309,1015,-0.500277404268236,0.0662845950328671,0.987873861982143
"302",302,16,309,1015,-0.500277404268236,0.0662845950328671,0.987873861982143
"303",303,16,306,1015,-0.589201766690059,0.247129416622437,0.987873861982143
"304",304,16,309,1015,-0.500277404268236,0.0662845950328671,0.987873861982143
"305",305,16,311,1015,-0.967004803880474,0.195582146663145,0.987873861982143
"306",306,16,314,1015,-0.909040938573437,0.227243721800156,0.987873861982143
"307",307,16,311,1015,-0.967004803880474,0.195582146663145,0.987873861982143
"308",308,16,316,1015,-0.875113561405858,0.129762787149632,0.987873861982143
"309",309,16,312,1015,-0.482115492152214,0.0660615867931308,0.987873861982143
"310",310,16,322,1015,-0.559875668944811,0.241747479295979,0.987873861982143
"311",311,16,317,1015,-0.499642898145595,0.230689563788722,0.987873861982143
"312",312,16,320,1015,-0.997496361814247,0.184417595098395,0.987873861982143
"313",313,16,318,1015,-1.01169196379666,0.156268141035504,0.987873861982143
"314",314,16,318,1015,-1.01169196379666,0.156268141035504,0.987873861982143
"315",315,16,326,1015,-0.37477961780438,0.200063363278263,0.987873861982143
"316",316,16,317,1015,-0.499642898145595,0.230689563788722,0.987873861982143
"317",317,16,319,1015,-0.482599189251311,0.232914585004695,0.987873861982143
"318",318,16,323,1015,-0.508578645499002,0.206839901413473,0.987873861982143
"319",319,16,326,1015,-0.37477961780438,0.200063363278263,0.987873861982143
"320",320,16,329,1015,0.102736870151465,0.103555835051705,0.987873861982143
"321",321,16,327,1015,-1.06928753114192,0.0644989715091517,0.987873861982143
"322",322,16,330,1015,-0.942918365084029,0.1328114498556,0.987873861982143
"323",323,16,327,1015,-1.06928753114192,0.0644989715091517,0.987873861982143
"324",324,16,328,1015,-0.530833953799236,0.234543764218493,0.987873861982143
"325",325,16,329,1015,0.102736870151465,0.103555835051705,0.987873861982143
"326",326,16,336,1015,-0.89022627869751,0.173972678863007,0.987873861982143
"327",327,16,329,1015,0.102736870151465,0.103555835051705,0.987873861982143
"328",328,16,333,1015,-0.355391325184438,0.1929934889375,0.987873861982143
"329",329,16,335,1015,-0.992765641944143,0.166386962142461,0.987873861982143
"330",330,16,338,1015,-0.82868107782011,0.203016697602014,0.987873861982143
"331",331,16,333,1015,-0.355391325184438,0.1929934889375,0.987873861982143
"332",332,16,338,1015,-0.82868107782011,0.203016697602014,0.987873861982143
"333",333,16,336,1015,-0.89022627869751,0.173972678863007,0.987873861982143
"334",334,16,344,1015,-0.663650161831813,0.163182644773875,0.987873861982143
"335",335,16,339,1015,-0.913262520724016,0.230186893674015,0.987873861982143
"336",336,16,343,1015,-0.411160027520239,0.203700846292372,0.987873861982143
"337",337,16,341,1015,-0.883251969109005,0.213323388294275,0.987873861982143
"338",338,16,348,1015,-0.449498399630792,0.182906052553075,0.987873861982143
"339",339,16,348,1015,-0.449498399630792,0.182906052553075,0.987873861982143
"340",340,16,350,1015,-0.866630661070864,0.230551757897299,0.987873861982143
"341",341,16,343,1015,-0.411160027520239,0.203700846292372,0.987873861982143
"342",342,16,347,1015,-0.865216642917534,0.229768881937621,0.987873861982143
"343",343,16,348,1015,-0.449498399630792,0.182906052553075,0.987873861982143
"344",344,16,351,1015,-0.872113022216119,0.228503748922196,0.987873861982143
"345",345,16,350,1015,-0.866630661070864,0.230551757897299,0.987873861982143
"346",346,16,350,1015,-0.866630661070864,0.230551757897299,0.987873861982143
"347",347,16,349,1015,-0.389367355126607,0.162614976175089,0.987873861982143
"348",348,16,361,1015,-0.442680362615107,0.201432684273696,0.987873861982143
"349",349,16,350,1015,-0.866630661070864,0.230551757897299,0.987873861982143
"350",350,16,354,1015,-0.459243981363957,0.20624455794593,0.987873861982143
"351",351,16,362,1015,-0.880713162107785,0.209099891264603,0.987873861982143
"352",352,16,360,1015,-0.580328746866219,0.0160167959825992,0.987873861982143
"353",353,16,363,1015,-0.57838886670208,0.0159104993204706,0.987873861982143
"354",354,16,363,1015,-0.57838886670208,0.0159104993204706,0.987873861982143
"355",355,16,367,1015,-0.449944447749305,0.101435112993579,0.987873861982143
"356",356,16,366,1015,-0.578500770211043,0.0159807825790525,0.987873861982143
"357",357,16,358,1015,-0.362718966155087,0.15966806735516,0.987873861982143
"358",358,16,361,1015,-0.442680362615107,0.201432684273696,0.987873861982143
"359",359,16,366,1015,-0.578500770211043,0.0159807825790525,0.987873861982143
"360",360,16,364,1015,-0.578626293300778,0.0159426367640548,0.987873861982143
"361",361,16,370,1015,-0.574275844821362,0.0160036380890602,0.987873861982143
"362",362,16,367,1015,-0.449944447749305,0.101435112993579,0.987873861982143
"363",363,16,367,1015,-0.449944447749305,0.101435112993579,0.987873861982143
"364",364,16,370,1015,-0.574275844821362,0.0160036380890602,0.987873861982143
"365",365,16,370,1015,-0.574275844821362,0.0160036380890602,0.987873861982143
"366",366,16,372,1015,-0.832922087641802,0.230547064092728,0.987873861982143
"367",367,16,377,1015,-0.262743803883829,0.127362044910385,0.987873861982143
"368",368,16,374,1015,-1.44035084780203,0.110015686860793,0.987873861982143
"369",369,16,374,1015,-1.44035084780203,0.110015686860793,0.987873861982143
"370",370,16,381,1015,-0.415937633447225,0.215044729883624,0.987873861982143
"371",371,16,374,1015,-1.44035084780203,0.110015686860793,0.987873861982143
"372",372,16,377,1015,-0.262743803883829,0.127362044910385,0.987873861982143
"373",373,16,379,1015,-0.394487938268563,0.164633451665644,0.987873861982143
"374",374,16,380,1015,-0.754052914237411,0.211861002152098,0.987873861982143
"375",375,16,378,1015,0.0642760820016831,0.0795668463196504,0.987873861982143
"376",376,16,382,1015,-0.777770397393212,0.189671092166447,0.987873861982143
"377",377,16,382,1015,-0.777770397393212,0.189671092166447,0.987873861982143
"378",378,16,385,1015,-0.790771321468291,0.0403829123113138,0.987873861982143
"379",379,16,385,1015,-0.790771321468291,0.0403829123113138,0.987873861982143
"380",380,16,391,1015,-0.683467574912371,0.187298534717234,0.987873861982143
"381",381,16,386,1015,-0.575300815452614,0.0163779885987539,0.987873861982143
"382",382,16,385,1015,-0.790771321468291,0.0403829123113138,0.987873861982143
"383",383,16,394,1015,-0.210641798802758,0.0604642526196681,0.987873861982143
"384",384,16,389,1015,-0.0431821216348444,0.071218999401065,0.987873861982143
"385",385,16,392,1015,-0.371598645003858,0.187091934517646,0.987873861982143
"386",386,16,389,1015,-0.0431821216348444,0.071218999401065,0.987873861982143
"387",387,16,395,1015,-0.82470138175142,0.218078990416171,0.987873861982143
"388",388,16,396,1015,-0.573656073974491,0.0167474569032029,0.987873861982143
"389",389,16,392,1015,-0.371598645003858,0.187091934517646,0.987873861982143
"390",390,16,394,1015,-0.210641798802758,0.0604642526196681,0.987873861982143
"391",391,16,398,1015,0.0647770839416703,0.0740689540165376,0.987873861982143
"392",392,16,397,1015,-0.846387124875217,0.224712683090156,0.987873861982143
"393",393,16,397,1015,-0.846387124875217,0.224712683090156,0.987873861982143
"394",394,16,401,1015,-0.435871233377293,0.089434302059286,0.987873861982143
"395",395,16,400,1015,-0.228511079420859,0.0665495146254884,0.987873861982143
"396",396,16,403,1015,-0.867801484005831,0.139548534940974,0.987873861982143
"397",397,16,404,1015,-0.728422630139664,0.0418045340758743,0.987873861982143
"398",398,16,404,1015,-0.728422630139664,0.0418045340758743,0.987873861982143
"399",399,16,405,1015,-0.883833642101074,0.13474348088051,0.987873861982143
"400",400,16,407,1015,-0.970988462243754,0.160799695341459,0.987873861982143
"401",401,16,408,1015,-0.552752077141437,0.246834133401019,0.987873861982143
"402",402,16,414,1015,-0.858534917274234,0.112084359040875,0.987873861982143
"403",403,16,408,1015,-0.552752077141437,0.246834133401019,0.987873861982143
"404",404,16,416,1015,-1.42883043930192,0.229636333866738,0.987873861982143
"405",405,16,411,1015,-0.756997334054545,0.226303009729285,0.987873861982143
"406",406,16,413,1015,-0.115395678960632,0.0542580616656856,0.987873861982143
"407",407,16,413,1015,-0.115395678960632,0.0542580616656856,0.987873861982143
"408",408,16,416,1015,-1.42883043930192,0.229636333866738,0.987873861982143
"409",409,16,417,1015,-0.893704421925665,0.067251992564262,0.987873861982143
"410",410,16,419,1015,-0.567014501591581,0.016643594242175,0.987873861982143
"411",411,16,414,1015,-0.858534917274234,0.112084359040875,0.987873861982143
"412",412,16,420,1015,-0.569779052069683,0.0188374463915671,0.987873861982143
"413",413,16,422,1015,-0.888390306740381,0.0328669824487872,0.987873861982143
"414",414,16,423,1015,-0.568979416302337,0.0190655447034926,0.987873861982143
"415",415,16,423,1015,-0.568979416302337,0.0190655447034926,0.987873861982143
"416",416,16,421,1015,-0.41754234494913,0.196141972697861,0.987873861982143
"417",417,16,421,1015,-0.41754234494913,0.196141972697861,0.987873861982143
"418",418,16,429,1015,-0.594183415528975,0.0385883386512808,0.987873861982143
"419",419,16,429,1015,-0.594183415528975,0.0385883386512808,0.987873861982143
"420",420,16,429,1015,-0.594183415528975,0.0385883386512808,0.987873861982143
"421",421,16,425,1015,-0.825764983543152,0.226012165294391,0.987873861982143
"422",422,16,426,1015,-0.443307219962173,0.030350544696288,0.987873861982143
"423",423,16,431,1015,-0.567082563617106,0.0202193152823169,0.987873861982143
"424",424,16,429,1015,-0.594183415528975,0.0385883386512808,0.987873861982143
"425",425,16,429,1015,-0.594183415528975,0.0385883386512808,0.987873861982143
"426",426,16,434,1015,-0.30929906263633,0.189168287923639,0.987873861982143
"427",427,16,432,1015,-0.566826913167256,0.0203966856420738,0.987873861982143
"428",428,16,432,1015,-0.566826913167256,0.0203966856420738,0.987873861982143
"429",429,16,433,1015,-0.566557723714274,0.0205733235112694,0.987873861982143
"430",430,16,439,1015,-0.184785079587669,0.132320255658675,0.987873861982143
"431",431,16,441,1015,-0.150133552617669,0.119799365094196,0.987873861982143
"432",432,16,441,1015,-0.150133552617669,0.119799365094196,0.987873861982143
"433",433,16,438,1015,-0.20275649970177,0.139207422833019,0.987873861982143
"434",434,16,438,1015,-0.20275649970177,0.139207422833019,0.987873861982143
"435",435,16,440,1015,-0.167539466600905,0.126028393513512,0.987873861982143
"436",436,16,441,1015,-0.150133552617669,0.119799365094196,0.987873861982143
"437",437,16,446,1015,-0.0230920635729012,0.03025022181158,0.987873861982143
"438",438,16,444,1015,-0.0246300301588783,0.0315009439896998,0.987873861982143
"439",439,16,446,1015,-0.0230920635729012,0.03025022181158,0.987873861982143
"440",440,16,449,1015,-0.0211207194382239,0.0287502237668729,0.987873861982143
"441",441,16,443,1015,-0.02549367756183,0.0322330145735686,0.987873861982143
"442",442,16,444,1015,-0.0246300301588783,0.0315009439896998,0.987873861982143
"443",443,16,447,1015,-0.0223970932596654,0.0297079896991115,0.987873861982143
"444",444,16,450,1015,-0.0205294687313897,0.0283241226468024,0.987873861982143
"445",445,16,451,1015,-0.0199647958550027,0.0279271505996714,0.987873861982143
"446",446,16,454,1015,-0.0184029383538255,0.0268817576488969,0.987873861982143
"447",447,16,456,1015,-0.0174503432452572,0.0262850551976927,0.987873861982143
"448",448,16,457,1015,0.351468795424314,0.168248355352597,0.987873861982143
"449",449,16,458,1015,-0.552547340148647,0.0351363145871167,0.987873861982143
"450",450,16,462,1015,0.0499249500988795,0.0696582894921442,0.987873861982143
"451",451,16,462,1015,0.0499249500988795,0.0696582894921442,0.987873861982143
"452",452,16,463,1015,-0.014129227764392,0.0249775907324622,0.987873861982143
"453",453,16,455,1015,-0.0229820211726541,0.0212318113758116,0.987873861982143
"454",454,16,463,1015,-0.014129227764392,0.0249775907324622,0.987873861982143
"455",455,16,462,1015,0.0499249500988795,0.0696582894921442,0.987873861982143
"456",456,16,467,1015,-0.0130368642485227,0.0239217698196419,0.987873861982143
"457",457,16,464,1015,-0.0141323319679902,0.0244477197805311,0.987873861982143
"458",458,16,461,1015,-0.361575045513258,0.196323379240185,0.987873861982143
"459",459,16,465,1015,0.00136831664873449,0.212893062946078,0.987873861982143
"460",460,16,463,1015,-0.014129227764392,0.0249775907324622,0.987873861982143
"461",461,16,466,1015,-0.0161873556892933,0.022064977456239,0.987873861982143
"462",462,16,472,1015,0.0892423920111948,0.23045121993252,0.987873861982143
"463",463,16,465,1015,0.00136831664873449,0.212893062946078,0.987873861982143
"464",464,16,474,1015,-0.387782559106144,0.218082046784001,0.987873861982143
"465",465,16,471,1015,-0.0477811358031641,0.0255405614606397,0.987873861982143
"466",466,16,470,1015,0.0439006913366831,0.205477609058401,0.987873861982143
"467",467,16,473,1015,-0.0108076188412319,0.0231820358507817,0.987873861982143
"468",468,16,474,1015,-0.387782559106144,0.218082046784001,0.987873861982143
"469",469,16,479,1015,-0.308982733883439,0.175217330128583,0.987873861982143
"470",470,16,473,1015,-0.0108076188412319,0.0231820358507817,0.987873861982143
"471",471,16,475,1015,-0.0514901294673085,0.230446208952535,0.987873861982143
"472",472,16,479,1015,-0.308982733883439,0.175217330128583,0.987873861982143
"473",473,16,480,1015,-0.00931617698171668,0.0220892066246428,0.987873861982143
"474",474,16,481,1015,-0.00853529779405496,0.0222179593364618,0.987873861982143
"475",475,16,483,1015,-0.348023920460336,0.159320444085513,0.987873861982143
"476",476,16,485,1015,-0.00494178783829459,0.0229193325019039,0.987873861982143
"477",477,16,479,1015,-0.308982733883439,0.175217330128583,0.987873861982143
"478",478,16,481,1015,-0.00853529779405496,0.0222179593364618,0.987873861982143
"479",479,16,487,1015,0.0533237181606788,0.215988589552146,0.987873861982143
"480",480,16,489,1015,-0.00614265523048219,0.0216593111146374,0.987873861982143
"481",481,16,485,1015,-0.00494178783829459,0.0229193325019039,0.987873861982143
"482",482,16,485,1015,-0.00494178783829459,0.0229193325019039,0.987873861982143
"483",483,16,492,1015,0.281888886116093,0.0846165959603146,0.987873861982143
"484",484,16,490,1015,-0.251359459576256,0.277826910734691,0.987873861982143
"485",485,16,493,1015,-0.187122702702239,0.284183828030543,0.987873861982143
"486",486,16,497,1015,0.133512779419926,0.157650283698712,0.987873861982143
"487",487,16,492,1015,0.281888886116093,0.0846165959603146,0.987873861982143
"488",488,16,498,1015,-0.00390865677319817,0.0211681941148644,0.987873861982143
"489",489,16,494,1015,0.124936582299287,0.226209168135172,0.987873861982143
"490",490,16,496,1015,0.137385024355091,0.222854035590554,0.987873861982143
"491",491,16,502,1015,-0.293376721777476,0.166161157065974,0.987873861982143
"492",492,16,496,1015,0.137385024355091,0.222854035590554,0.987873861982143
"493",493,16,499,1015,-0.00363826405018429,0.0211346342188202,0.987873861982143
"494",494,16,498,1015,-0.00390865677319817,0.0211681941148644,0.987873861982143
"495",495,16,501,1015,-0.412907710999747,0.194332889849359,0.987873861982143
"496",496,16,501,1015,-0.412907710999747,0.194332889849359,0.987873861982143
"497",497,16,509,1015,-0.00115976591116563,0.0209041153975893,0.987873861982143
"498",498,16,504,1015,-0.00256253651135843,0.0209686906859662,0.987873861982143
"499",499,16,506,1015,-0.00188806458534706,0.0209480714458961,0.987873861982143
"500",500,16,504,1015,-0.00256253651135843,0.0209686906859662,0.987873861982143
"501",501,16,506,1015,-0.00188806458534706,0.0209480714458961,0.987873861982143
"502",502,16,509,1015,-0.00115976591116563,0.0209041153975893,0.987873861982143
"503",503,16,510,1015,-0.000937830169246949,0.0208935533265571,0.987873861982143
"504",504,16,514,1015,-7.34379495577511e-05,0.0208813483184916,0.987873861982143
"505",505,16,514,1015,-7.34379495577511e-05,0.0208813483184916,0.987873861982143
"506",506,16,517,1015,0.230506509748898,0.151725026557533,0.987873861982143
"507",507,16,511,1015,-0.323110244041957,0.228317605017887,0.987873861982143
"508",508,16,513,1015,0.11184275847114,0.230343452741481,0.987873861982143
"509",509,16,518,1015,-0.335513862290165,0.156617840901927,0.987873861982143
"510",510,16,516,1015,0.00056627650921709,0.0208864324892106,0.987873861982143
"511",511,16,523,1015,0.0639767121584646,0.229762952183607,0.987873861982143
"512",512,16,518,1015,-0.335513862290165,0.156617840901927,0.987873861982143
"513",513,16,517,1015,0.230506509748898,0.151725026557533,0.987873861982143
"514",514,16,525,1015,-0.238428566314427,0.283446401042194,0.987873861982143
"515",515,16,519,1015,0.406703631739752,0.175947352645514,0.987873861982143
"516",516,16,523,1015,0.0639767121584646,0.229762952183607,0.987873861982143
"517",517,16,522,1015,-0.366258527488973,0.223635405842636,0.987873861982143
"518",518,16,527,1015,0.0878778093592683,0.226935942129148,0.987873861982143
"519",519,16,520,1015,0.0986281708245693,0.198866581620639,0.987873861982143
"520",520,16,528,1015,-0.356983166834425,0.240820086919575,0.987873861982143
"521",521,16,528,1015,-0.356983166834425,0.240820086919575,0.987873861982143
"522",522,16,532,1015,-0.217929232511733,0.273505925540559,0.987873861982143
"523",523,16,532,1015,-0.217929232511733,0.273505925540559,0.987873861982143
"524",524,16,532,1015,-0.217929232511733,0.273505925540559,0.987873861982143
"525",525,16,534,1015,-0.330666721643163,0.262390689087486,0.987873861982143
"526",526,16,536,1015,-0.969961453909904,0.140494265299032,0.987873861982143
"527",527,16,531,1015,0.288108880003256,0.147428253328549,0.987873861982143
"528",528,16,538,1015,-0.258374581075691,0.281141008857069,0.987873861982143
"529",529,16,535,1015,0.134836657007389,0.186609984586817,0.987873861982143
"530",530,16,536,1015,-0.969961453909904,0.140494265299032,0.987873861982143
"531",531,16,536,1015,-0.969961453909904,0.140494265299032,0.987873861982143
"532",532,16,534,1015,-0.330666721643163,0.262390689087486,0.987873861982143
"533",533,16,539,1015,0.252775277965096,0.132286379810304,0.987873861982143
"534",534,16,544,1015,-0.0955562097401948,0.051520362116422,0.987873861982143
"535",535,16,542,1015,-0.178791280365082,0.065198407523483,0.987873861982143
"536",536,16,539,1015,0.252775277965096,0.132286379810304,0.987873861982143
"537",537,16,540,1015,0.00302479578914916,0.0231546695038479,0.987873861982143
"538",538,16,544,1015,-0.0955562097401948,0.051520362116422,0.987873861982143
"539",539,16,545,1015,0.317779053502339,0.13959283089294,0.987873861982143
"540",540,16,545,1015,0.317779053502339,0.13959283089294,0.987873861982143
"541",541,16,549,1015,0.00615498789718933,0.0240162616689088,0.987873861982143
"542",542,16,547,1015,0.118971743011399,0.198459385857542,0.987873861982143
"543",543,16,547,1015,0.118971743011399,0.198459385857542,0.987873861982143
"544",544,16,555,1015,-0.150227996416946,0.284940926110956,0.987873861982143
"545",545,16,554,1015,0.526987794711185,0.0514747995569615,0.987873861982143
"546",546,16,553,1015,0.0103676361195798,0.0229483781135291,0.987873861982143
"547",547,16,553,1015,0.0103676361195798,0.0229483781135291,0.987873861982143
"548",548,16,555,1015,-0.150227996416946,0.284940926110956,0.987873861982143
"549",549,16,558,1015,0.533646958226887,0.0416683252289894,0.987873861982143
"550",550,16,555,1015,-0.150227996416946,0.284940926110956,0.987873861982143
"551",551,16,560,1015,-0.0324663169451185,0.285941234892794,0.987873861982143
"552",552,16,561,1015,0.0326387103647472,0.217107947376633,0.987873861982143
"553",553,16,556,1015,0.530870721963991,0.0454733447621311,0.987873861982143
"554",554,16,561,1015,0.0326387103647472,0.217107947376633,0.987873861982143
"555",555,16,556,1015,0.530870721963991,0.0454733447621311,0.987873861982143
"556",556,16,561,1015,0.0326387103647472,0.217107947376633,0.987873861982143
"557",557,16,565,1015,0.0144380434076093,0.0248037954192282,0.987873861982143
"558",558,16,562,1015,-0.0232007124497994,0.0428143869905678,0.987873861982143
"559",559,16,565,1015,0.0144380434076093,0.0248037954192282,0.987873861982143
"560",560,16,570,1015,0.121625478631352,0.199044569145331,0.987873861982143
"561",561,16,571,1015,0.544047745545887,0.0307305902816105,0.987873861982143
"562",562,16,564,1015,0.0142256112846335,0.0244824524510127,0.987873861982143
"563",563,16,567,1015,0.0946180260251147,0.229993115106426,0.987873861982143
"564",564,16,573,1015,-0.0875880061051199,0.279012545314061,0.987873861982143
"565",565,16,572,1015,0.347767629202116,0.124582006918543,0.987873861982143
"566",566,16,573,1015,-0.0875880061051199,0.279012545314061,0.987873861982143
"567",567,16,573,1015,-0.0875880061051199,0.279012545314061,0.987873861982143
"568",568,16,582,1015,0.0225986820416891,0.0301323150981479,0.987873861982143
"569",569,16,575,1015,0.0187670328726762,0.0272383825670286,0.987873861982143
"570",570,16,576,1015,0.0191428858663779,0.0277226156898851,0.987873861982143
"571",571,16,576,1015,0.0191428858663779,0.0277226156898851,0.987873861982143
"572",572,16,583,1015,0.703337307275961,0.280761862474647,0.987873861982143
"573",573,16,579,1015,0.441631045799329,0.285394945743665,0.987873861982143
"574",574,16,584,1015,0.550330129021984,0.0264378305491217,0.987873861982143
"575",575,16,581,1015,0.549046430758201,0.0271896795106449,0.987873861982143
"576",576,16,587,1015,0.598977643366274,0.0467752222849444,0.987873861982143
"577",577,16,581,1015,0.549046430758201,0.0271896795106449,0.987873861982143
"578",578,16,584,1015,0.550330129021984,0.0264378305491217,0.987873861982143
"579",579,16,584,1015,0.550330129021984,0.0264378305491217,0.987873861982143
"580",580,16,584,1015,0.550330129021984,0.0264378305491217,0.987873861982143
"581",581,16,584,1015,0.550330129021984,0.0264378305491217,0.987873861982143
"582",582,16,589,1015,0.0281449119565394,0.0352866386308863,0.987873861982143
"583",583,16,592,1015,0.553665162612293,0.0250069622864472,0.987873861982143
"584",584,16,589,1015,0.0281449119565394,0.0352866386308863,0.987873861982143
"585",585,16,589,1015,0.0281449119565394,0.0352866386308863,0.987873861982143
"586",586,16,597,1015,0.708347292330094,0.285269921866014,0.987873861982143
"587",587,16,597,1015,0.708347292330094,0.285269921866014,0.987873861982143
"588",588,16,600,1015,0.555661499181123,0.0234307340827334,0.987873861982143
"589",589,16,597,1015,0.708347292330094,0.285269921866014,0.987873861982143
"590",590,16,598,1015,0.552817618026705,0.0225498661267961,0.987873861982143
"591",591,16,594,1015,0.554331514567158,0.0246459669924199,0.987873861982143
"592",592,16,602,1015,0.556936641474965,0.0235180865723549,0.987873861982143
"593",593,16,597,1015,0.708347292330094,0.285269921866014,0.987873861982143
"594",594,16,600,1015,0.555661499181123,0.0234307340827334,0.987873861982143
"595",595,16,598,1015,0.552817618026705,0.0225498661267961,0.987873861982143
"596",596,16,604,1015,0.844863388298801,0.284967504729934,0.987873861982143
"597",597,16,607,1015,0.226389291993703,0.177652858636671,0.987873861982143
"598",598,16,606,1015,0.771006068688622,0.282415767666729,0.987873861982143
"599",599,16,606,1015,0.771006068688622,0.282415767666729,0.987873861982143
"600",600,16,609,1015,0.393633814997708,0.175530108729817,0.987873861982143
"601",601,16,608,1015,0.552877705731485,0.0217250442246792,0.987873861982143
"602",602,16,605,1015,0.698353389968535,0.28573048001156,0.987873861982143
"603",603,16,606,1015,0.771006068688622,0.282415767666729,0.987873861982143
"604",604,16,607,1015,0.226389291993703,0.177652858636671,0.987873861982143
"605",605,16,610,1015,0.546931986122995,0.0233902916551098,0.987873861982143
"606",606,16,611,1015,0.559831044405682,0.0226963333724778,0.987873861982143
"607",607,16,611,1015,0.559831044405682,0.0226963333724778,0.987873861982143
"608",608,16,614,1015,0.555999842441409,0.0217057810323461,0.987873861982143
"609",609,16,617,1015,0.266435178669052,0.172666521917752,0.987873861982143
"610",610,16,614,1015,0.555999842441409,0.0217057810323461,0.987873861982143
"611",611,16,617,1015,0.266435178669052,0.172666521917752,0.987873861982143
"612",612,16,614,1015,0.555999842441409,0.0217057810323461,0.987873861982143
"613",613,16,621,1015,0.28382078568354,0.178196611587952,0.987873861982143
"614",614,16,617,1015,0.266435178669052,0.172666521917752,0.987873861982143
"615",615,16,625,1015,0.3840244206297,0.178273487140576,0.987873861982143
"616",616,16,621,1015,0.28382078568354,0.178196611587952,0.987873861982143
"617",617,16,625,1015,0.3840244206297,0.178273487140576,0.987873861982143
"618",618,16,627,1015,0.56473233940927,0.0218778840123362,0.987873861982143
"619",619,16,623,1015,0.470320957842095,0.175003297226671,0.987873861982143
"620",620,16,626,1015,0.564434804528051,0.0219100814038644,0.987873861982143
"621",621,16,631,1015,0.468571644895362,0.17584806394563,0.987873861982143
"622",622,16,627,1015,0.56473233940927,0.0218778840123362,0.987873861982143
"623",623,16,628,1015,0.367675600462349,0.179263052222404,0.987873861982143
"624",624,16,633,1015,0.483031138928784,0.1756243725941,0.987873861982143
"625",625,16,636,1015,0.590325932332138,0.0273401523514689,0.987873861982143
"626",626,16,637,1015,0.5714484099833,0.0222606044960134,0.987873861982143
"627",627,16,629,1015,0.890782715964155,0.285767501302872,0.987873861982143
"628",628,16,632,1015,0.436917560616747,0.177238812665024,0.987873861982143
"629",629,16,639,1015,0.564126314596544,0.175163349512315,0.987873861982143
"630",630,16,636,1015,0.590325932332138,0.0273401523514689,0.987873861982143
"631",631,16,640,1015,0.568778577491817,0.0216906255684921,0.987873861982143
"632",632,16,639,1015,0.564126314596544,0.175163349512315,0.987873861982143
"633",633,16,639,1015,0.564126314596544,0.175163349512315,0.987873861982143
"634",634,16,636,1015,0.590325932332138,0.0273401523514689,0.987873861982143
"635",635,16,644,1015,0.570073932984711,0.0217094322337228,0.987873861982143
"636",636,16,640,1015,0.568778577491817,0.0216906255684921,0.987873861982143
"637",637,16,643,1015,0.569746592037749,0.0217013909224506,0.987873861982143
"638",638,16,644,1015,0.570073932984711,0.0217094322337228,0.987873861982143
"639",639,16,643,1015,0.569746592037749,0.0217013909224506,0.987873861982143
"640",640,16,648,1015,0.57141000205565,0.0217640156006774,0.987873861982143
"641",641,16,643,1015,0.569746592037749,0.0217013909224506,0.987873861982143
"642",642,16,652,1015,0.572797246877219,0.0218550295538097,0.987873861982143
"643",643,16,648,1015,0.57141000205565,0.0217640156006774,0.987873861982143
"644",644,16,647,1015,0.571071649608926,0.0217469879261787,0.987873861982143
"645",645,16,652,1015,0.572797246877219,0.0218550295538097,0.987873861982143
"646",646,16,654,1015,0.573514034061957,0.0219145255706034,0.987873861982143
"647",647,16,654,1015,0.573514034061957,0.0219145255706034,0.987873861982143
"648",648,16,659,1015,0.682337627415465,0.0384853842230858,0.987873861982143
"649",649,16,656,1015,0.574248654697872,0.0219835718666067,0.987873861982143
"650",650,16,661,1015,0.575777448316833,0.0224492520242521,0.987873861982143
"651",651,16,656,1015,0.574248654697872,0.0219835718666067,0.987873861982143
"652",652,16,660,1015,0.575779470393342,0.0221510952441592,0.987873861982143
"653",653,16,657,1015,0.574623265001983,0.0220217359557835,0.987873861982143
"654",654,16,659,1015,0.682337627415465,0.0384853842230858,0.987873861982143
"655",655,16,663,1015,0.57699375551807,0.0223009953427769,0.987873861982143
"656",656,16,665,1015,0.874827909630099,0.117173595596124,0.987873861982143
"657",657,16,661,1015,0.575777448316833,0.0224492520242521,0.987873861982143
"658",658,16,661,1015,0.575777448316833,0.0224492520242521,0.987873861982143
"659",659,16,664,1015,0.447400970623103,0.177713581439357,0.987873861982143
"660",660,16,664,1015,0.447400970623103,0.177713581439357,0.987873861982143
"661",661,16,672,1015,0.846036380089706,0.286041693899922,0.987873861982143
"662",662,16,669,1015,0.579608355357361,0.0226784839064901,0.987873861982143
"663",663,16,674,1015,0.563932237878943,0.175203246066922,0.987873861982143
"664",664,16,669,1015,0.579608355357361,0.0226784839064901,0.987873861982143
"665",665,16,668,1015,0.579151721780945,0.0226093196337561,0.987873861982143
"666",666,16,667,1015,0.578684530168119,0.0225623932341802,0.987873861982143
"667",667,16,671,1015,0.586876845231553,0.0220308628209725,0.987873861982143
"668",668,16,670,1015,0.628273729893601,0.186570655916142,0.987873861982143
"669",669,16,678,1015,0.584134369773744,0.0234148715488427,0.987873861982143
"670",670,16,673,1015,0.561159973404647,0.175147487052106,0.987873861982143
"671",671,16,674,1015,0.563932237878943,0.175203246066922,0.987873861982143
"672",672,16,680,1015,0.585242399104407,0.0236028068471934,0.987873861982143
"673",673,16,679,1015,0.584684100760516,0.0235079416035464,0.987873861982143
"674",674,16,678,1015,0.584134369773744,0.0234148715488427,0.987873861982143
"675",675,16,680,1015,0.585242399104407,0.0236028068471934,0.987873861982143
"676",676,16,686,1015,0.933199375420035,0.220346016565403,0.987873861982143
"677",677,16,689,1015,0.590534816932282,0.0245102461696267,0.987873861982143
"678",678,16,685,1015,0.588140150984866,0.0240981332045994,0.987873861982143
"679",679,16,687,1015,0.589333355625592,0.0243030164087584,0.987873861982143
"680",680,16,688,1015,0.735249045189116,0.18832362726303,0.987873861982143
"681",681,16,685,1015,0.588140150984866,0.0240981332045994,0.987873861982143
"682",682,16,690,1015,0.591136446183691,0.0246128485421414,0.987873861982143
"683",683,16,691,1015,0.591737394575805,0.0247193839159667,0.987873861982143
"684",684,16,686,1015,0.933199375420035,0.220346016565403,0.987873861982143
"685",685,16,693,1015,0.592935096369615,0.0249304958606923,0.987873861982143
"686",686,16,695,1015,0.594148586222298,0.0250694914408261,0.987873861982143
"687",687,16,692,1015,0.59233717213393,0.0248246694263419,0.987873861982143
"688",688,16,693,1015,0.592935096369615,0.0249304958606923,0.987873861982143
"689",689,16,699,1015,0.596460704828616,0.0255853952371799,0.987873861982143
"690",690,16,697,1015,0.595299635922398,0.025361240946858,0.987873861982143
"691",691,16,698,1015,0.595884700982601,0.0254681558244411,0.987873861982143
"692",692,16,698,1015,0.595884700982601,0.0254681558244411,0.987873861982143
"693",693,16,699,1015,0.596460704828616,0.0255853952371799,0.987873861982143
"694",694,16,699,1015,0.596460704828616,0.0255853952371799,0.987873861982143
"695",695,16,707,1015,1.20268033137404,0.0349203851384062,0.987873861982143
"696",696,16,703,1015,0.598747462399106,0.0260471867635288,0.987873861982143
"697",697,16,703,1015,0.598747462399106,0.0260471867635288,0.987873861982143
"698",698,16,703,1015,0.598747462399106,0.0260471867635288,0.987873861982143
"699",699,16,705,1015,0.569362445373412,0.17734873081412,0.987873861982143
"700",700,16,710,1015,0.980113252902622,0.250744214450869,0.987873861982143
"701",701,16,709,1015,0.602097329764551,0.026820725834002,0.987873861982143
"702",702,16,707,1015,1.20268033137404,0.0349203851384062,0.987873861982143
"703",703,16,711,1015,0.603202346292092,0.0271069858304415,0.987873861982143
"704",704,16,708,1015,0.601543467712607,0.0266835685719062,0.987873861982143
"705",705,16,711,1015,0.603202346292092,0.0271069858304415,0.987873861982143
"706",706,16,718,1015,0.607080623374874,0.0282650541252934,0.987873861982143
"707",707,16,714,1015,0.604858606302576,0.0275704009418681,0.987873861982143
"708",708,16,716,1015,0.605966220832172,0.0279057094428185,0.987873861982143
"709",709,16,714,1015,0.604858606302576,0.0275704009418681,0.987873861982143
"710",710,16,717,1015,1.20873475139636,0.0279747326709407,0.987873861982143
"711",711,16,718,1015,0.607080623374874,0.0282650541252934,0.987873861982143
"712",712,16,717,1015,1.20873475139636,0.0279747326709407,0.987873861982143
"713",713,16,722,1015,1.21195561099859,0.0272598223779942,0.987873861982143
"714",714,16,722,1015,1.21195561099859,0.0272598223779942,0.987873861982143
"715",715,16,720,1015,0.645188335602626,0.239561765779462,0.987873861982143
"716",716,16,724,1015,0.610496995308452,0.0295223382962263,0.987873861982143
"717",717,16,722,1015,1.21195561099859,0.0272598223779942,0.987873861982143
"718",718,16,723,1015,0.19255223375735,0.178616505144316,0.987873861982143
"719",719,16,725,1015,0.611083700348974,0.0297619464748381,0.987873861982143
"720",720,16,724,1015,0.610496995308452,0.0295223382962263,0.987873861982143
"721",721,16,730,1015,0.445031973540224,0.175032780718295,0.987873861982143
"722",722,16,731,1015,0.614748498090171,0.0314498791484769,0.987873861982143
"723",723,16,727,1015,0.357187159032065,0.175839743518992,0.987873861982143
"724",724,16,730,1015,0.445031973540224,0.175032780718295,0.987873861982143
"725",725,16,734,1015,0.61671158598475,0.0324933731906741,0.987873861982143
"726",726,16,734,1015,0.61671158598475,0.0324933731906741,0.987873861982143
"727",727,16,731,1015,0.614748498090171,0.0314498791484769,0.987873861982143
"728",728,16,735,1015,0.617391270983964,0.032879122663283,0.987873861982143
"729",729,16,739,1015,0.620272520350516,0.0346575353683884,0.987873861982143
"730",730,16,738,1015,0.619570983369415,0.0341226267354512,0.987873861982143
"731",731,16,743,1015,0.852371369654002,0.178294689462055,0.987873861982143
"732",732,16,740,1015,0.621027741673201,0.0351888694286433,0.987873861982143
"733",733,16,742,1015,0.816218891412271,0.179530566677232,0.987873861982143
"734",734,16,741,1015,0.769509277359431,0.178940101658304,0.987873861982143
"735",735,16,741,1015,0.769509277359431,0.178940101658304,0.987873861982143
"736",736,16,745,1015,0.913315133277131,0.175682929149847,0.987873861982143
"737",737,16,741,1015,0.769509277359431,0.178940101658304,0.987873861982143
"738",738,16,743,1015,0.852371369654002,0.178294689462055,0.987873861982143
"739",739,16,747,1015,0.967063464505413,0.174942593868152,0.987873861982143
"740",740,16,748,1015,0.992950585220523,0.175549001861792,0.987873861982143
"741",741,16,753,1015,0.634845576713578,0.0476437368752597,0.987873861982143
"742",742,16,752,1015,1.10287332244572,0.186364383045885,0.987873861982143
"743",743,16,746,1015,0.940704086385672,0.175011425423611,0.987873861982143
"744",744,16,751,1015,1.0729200460454,0.182164055919974,0.987873861982143
"745",745,16,748,1015,0.992950585220523,0.175549001861792,0.987873861982143
"746",746,16,753,1015,0.634845576713578,0.0476437368752597,0.987873861982143
"747",747,16,753,1015,0.634845576713578,0.0476437368752597,0.987873861982143
"748",748,16,756,1015,1.21666247572707,0.017881658507913,0.987873861982143
"749",749,16,755,1015,1.18953647024916,0.0190595443803217,0.987873861982143
"750",750,16,754,1015,0.636563199331544,0.0496539187969207,0.987873861982143
"751",751,16,760,1015,0.862058599236794,0.208607624397723,0.987873861982143
"752",752,16,759,1015,0.797657309515488,0.207648963521168,0.987873861982143
"753",753,16,762,1015,1.21762299971138,0.0174194538577739,0.987873861982143
"754",754,16,760,1015,0.862058599236794,0.208607624397723,0.987873861982143
"755",755,16,757,1015,0.644336660673119,0.0641863058160417,0.987873861982143
"756",756,16,759,1015,0.797657309515488,0.207648963521168,0.987873861982143
"757",757,16,760,1015,0.862058599236794,0.208607624397723,0.987873861982143
"758",758,16,767,1015,1.18369113321554,0.167275642980004,0.987873861982143
"759",759,16,768,1015,1.60943607886369,0.175618569061834,0.987873861982143
"760",760,16,768,1015,1.60943607886369,0.175618569061834,0.987873861982143
"761",761,16,772,1015,0.912525591995067,0.208623076645597,0.987873861982143
"762",762,16,768,1015,1.60943607886369,0.175618569061834,0.987873861982143
"763",763,16,767,1015,1.18369113321554,0.167275642980004,0.987873861982143
"764",764,16,777,1015,1.22225603391849,0.0174500867540728,0.987873861982143
"765",765,16,767,1015,1.18369113321554,0.167275642980004,0.987873861982143
"766",766,16,768,1015,1.60943607886369,0.175618569061834,0.987873861982143
"767",767,16,775,1015,1.82366982195454,0.175103978380601,0.987873861982143
"768",768,16,778,1015,1.52265531145962,0.140772936652459,0.987873861982143
"769",769,16,778,1015,1.52265531145962,0.140772936652459,0.987873861982143
"770",770,16,778,1015,1.52265531145962,0.140772936652459,0.987873861982143
"771",771,16,780,1015,2.03891232696163,0.182559111151425,0.987873861982143
"772",772,16,780,1015,2.03891232696163,0.182559111151425,0.987873861982143
"773",773,16,782,1015,1.5511961697506,0.166981111591932,0.987873861982143
"774",774,16,777,1015,1.22225603391849,0.0174500867540728,0.987873861982143
"775",775,16,784,1015,1.02829452866242,0.207961856683757,0.987873861982143
"776",776,16,783,1015,2.09049747679876,0.177725612889532,0.987873861982143
"777",777,16,781,1015,1.05461545459412,0.194612008087546,0.987873861982143
"778",778,16,789,1015,0.823976306160489,0.202485194054263,0.987873861982143
"779",779,16,787,1015,1.16930412676801,0.0243941418930853,0.987873861982143
"780",780,16,784,1015,1.02829452866242,0.207961856683757,0.987873861982143
"781",781,16,782,1015,1.5511961697506,0.166981111591932,0.987873861982143
"782",782,16,786,1015,1.23462520354258,0.17543139067512,0.987873861982143
"783",783,16,790,1015,1.21681474843185,0.178909850923732,0.987873861982143
"784",784,16,791,1015,1.2684602985624,0.0283458061119963,0.987873861982143
"785",785,16,795,1015,1.32778900495835,0.174893473872919,0.987873861982143
"786",786,16,797,1015,1.22207106315925,0.0161204276027588,0.987873861982143
"787",787,16,793,1015,1.28609473634185,0.175550825088579,0.987873861982143
"788",788,16,793,1015,1.28609473634185,0.175550825088579,0.987873861982143
"789",789,16,795,1015,1.32778900495835,0.174893473872919,0.987873861982143
"790",790,16,798,1015,1.50715928093281,0.186898110955852,0.987873861982143
"791",791,16,799,1015,1.46720432886679,0.181773148706788,0.987873861982143
"792",792,16,794,1015,1.08602649116379,0.198614663664263,0.987873861982143
"793",793,16,801,1015,0.938002285736659,0.208741947564295,0.987873861982143
"794",794,16,802,1015,1.06894657514674,0.161789450836637,0.987873861982143
"795",795,16,799,1015,1.46720432886679,0.181773148706788,0.987873861982143
"796",796,16,810,1015,1.38911884085381,0.177909394791295,0.987873861982143
"797",797,16,800,1015,1.35098027015031,0.0396855027221129,0.987873861982143
"798",798,16,804,1015,1.04004776453123,0.207552963399494,0.987873861982143
"799",799,16,801,1015,0.938002285736659,0.208741947564295,0.987873861982143
"800",800,16,813,1015,0.94200742413697,0.208126737667393,0.987873861982143
"801",801,16,805,1015,1.30819368817988,0.17971070992176,0.987873861982143
"802",802,16,806,1015,0.918101655303512,0.207530588643442,0.987873861982143
"803",803,16,811,1015,0.886499090563899,0.208522256222496,0.987873861982143
"804",804,16,808,1015,1.4985244860345,0.178155466362231,0.987873861982143
"805",805,16,810,1015,1.38911884085381,0.177909394791295,0.987873861982143
"806",806,16,815,1015,1.00522855087752,0.20577457859692,0.987873861982143
"807",807,16,812,1015,0.915551585600148,0.208382553420172,0.987873861982143
"808",808,16,817,1015,0.928616718858378,0.0536657445084786,0.987873861982143
"809",809,16,817,1015,0.928616718858378,0.0536657445084786,0.987873861982143
"810",810,16,816,1015,1.55242189558466,0.177496959258178,0.987873861982143
"811",811,16,818,1015,1.10385085906502,0.17180541421372,0.987873861982143
"812",812,16,816,1015,1.55242189558466,0.177496959258178,0.987873861982143
"813",813,16,820,1015,1.0804263559961,0.20197657946081,0.987873861982143
"814",814,16,823,1015,1.18740512896769,0.189937120253055,0.987873861982143
"815",815,16,820,1015,1.0804263559961,0.20197657946081,0.987873861982143
"816",816,16,826,1015,1.54957828285225,0.153698826236129,0.987873861982143
"817",817,16,825,1015,1.0541987302796,0.0436457350968383,0.987873861982143
"818",818,16,829,1015,1.42600788710028,0.176328179570893,0.987873861982143
"819",819,16,826,1015,1.54957828285225,0.153698826236129,0.987873861982143
"820",820,16,827,1015,0.827740066232573,0.283982643758722,0.987873861982143
"821",821,16,832,1015,1.26672307052378,0.179405170612305,0.987873861982143
"822",822,16,828,1015,1.06371276356115,0.207738724362413,0.987873861982143
"823",823,16,827,1015,0.827740066232573,0.283982643758722,0.987873861982143
"824",824,16,826,1015,1.54957828285225,0.153698826236129,0.987873861982143
"825",825,16,835,1015,1.31743065283166,0.179482748944903,0.987873861982143
"826",826,16,836,1015,0.945758161708259,0.207819644257961,0.987873861982143
"827",827,16,829,1015,1.42600788710028,0.176328179570893,0.987873861982143
"828",828,16,831,1015,1.58519775579884,0.188762732331934,0.987873861982143
"829",829,16,836,1015,0.945758161708259,0.207819644257961,0.987873861982143
"830",830,16,838,1015,1.3789095827503,0.176493163546717,0.987873861982143
"831",831,16,836,1015,0.945758161708259,0.207819644257961,0.987873861982143
"832",832,16,837,1015,0.870034859830641,0.208882590989043,0.987873861982143
"833",833,16,839,1015,1.04915245103039,0.202596532922787,0.987873861982143
"834",834,16,838,1015,1.3789095827503,0.176493163546717,0.987873861982143
"835",835,16,842,1015,1.23124258668296,0.0161915738413342,0.987873861982143
"836",836,16,849,1015,1.23348447404186,0.0161503602818405,0.987873861982143
"837",837,16,846,1015,1.02219277009716,0.208411126162187,0.987873861982143
"838",838,16,843,1015,1.50209330340079,0.0971265535635247,0.987873861982143
"839",839,16,844,1015,1.54617440164967,0.0573240037468969,0.987873861982143
"840",840,16,845,1015,1.57410513000288,0.184803504774238,0.987873861982143
"841",841,16,845,1015,1.57410513000288,0.184803504774238,0.987873861982143
"842",842,16,847,1015,1.48355247711411,0.0725283002580015,0.987873861982143
"843",843,16,849,1015,1.23348447404186,0.0161503602818405,0.987873861982143
"844",844,16,855,1015,0.782177991133408,0.170068642050416,0.987873861982143
"845",845,16,852,1015,1.22853395184346,0.0176650589414961,0.987873861982143
"846",846,16,857,1015,0.3528249014082,0.124214646463835,0.987873861982143
"847",847,16,853,1015,1.65760456657746,0.154119388753328,0.987873861982143
"848",848,16,852,1015,1.22853395184346,0.0176650589414961,0.987873861982143
"849",849,16,855,1015,0.782177991133408,0.170068642050416,0.987873861982143
"850",850,16,856,1015,1.32106784336086,0.0283900163077735,0.987873861982143
"851",851,16,856,1015,1.32106784336086,0.0283900163077735,0.987873861982143
"852",852,16,856,1015,1.32106784336086,0.0283900163077735,0.987873861982143
"853",853,16,866,1015,0.865621775968281,0.193736917783112,0.987873861982143
"854",854,16,858,1015,1.23029175381139,0.0177105385846681,0.987873861982143
"855",855,16,862,1015,1.33948033517799,0.177280840365164,0.987873861982143
"856",856,16,864,1015,0.987512210446979,0.0963881548796593,0.987873861982143
"857",857,16,863,1015,0.689357931755527,0.0226762280052498,0.987873861982143
"858",858,16,865,1015,1.44411174287296,0.111925048209462,0.987873861982143
"859",859,16,867,1015,1.14222241113157,0.165851981061952,0.987873861982143
"860",860,16,864,1015,0.987512210446979,0.0963881548796593,0.987873861982143
"861",861,16,865,1015,1.44411174287296,0.111925048209462,0.987873861982143
"862",862,16,867,1015,1.14222241113157,0.165851981061952,0.987873861982143
"863",863,16,869,1015,1.31536471703296,0.179716327540642,0.987873861982143
"864",864,16,869,1015,1.31536471703296,0.179716327540642,0.987873861982143
"865",865,16,872,1015,0.932536215807465,0.208373879795829,0.987873861982143
"866",866,16,871,1015,0.888127218299136,0.208534387713721,0.987873861982143
"867",867,16,877,1015,1.20945674829448,0.202521318053936,0.987873861982143
"868",868,16,872,1015,0.932536215807465,0.208373879795829,0.987873861982143
"869",869,16,881,1015,1.64899374693957,0.105470483673497,0.987873861982143
"870",870,16,877,1015,1.20945674829448,0.202521318053936,0.987873861982143
"871",871,16,877,1015,1.20945674829448,0.202521318053936,0.987873861982143
"872",872,16,879,1015,1.22998708683132,0.0216029441203048,0.987873861982143
"873",873,16,885,1015,1.68364516840907,0.0732862448189395,0.987873861982143
"874",874,16,883,1015,1.40984858042549,0.208510980399856,0.987873861982143
"875",875,16,880,1015,1.23474338274633,0.0191808099463953,0.987873861982143
"876",876,16,882,1015,1.36624144523016,0.208860703009312,0.987873861982143
"877",877,16,889,1015,1.69775114912109,0.0635483035143493,0.987873861982143
"878",878,16,887,1015,1.6914510911739,0.067612550701574,0.987873861982143
"879",879,16,890,1015,1.70053405221908,0.0619049593545175,0.987873861982143
"880",880,16,889,1015,1.69775114912109,0.0635483035143493,0.987873861982143
"881",881,16,891,1015,1.70313253269104,0.060456112808449,0.987873861982143
"882",882,16,886,1015,1.68779426593111,0.0701846914567581,0.987873861982143
"883",883,16,890,1015,1.70053405221908,0.0619049593545175,0.987873861982143
"884",884,16,894,1015,1.71009503521268,0.056982628449772,0.987873861982143
"885",885,16,895,1015,1.71220626773298,0.0560526745622317,0.987873861982143
"886",886,16,891,1015,1.70313253269104,0.060456112808449,0.987873861982143
"887",887,16,897,1015,1.71618628482531,0.0544463876750507,0.987873861982143
"888",888,16,900,1015,1.72136011920707,0.0523703027513609,0.987873861982143
"889",889,16,895,1015,1.71220626773298,0.0560526745622317,0.987873861982143
"890",890,16,900,1015,1.72136011920707,0.0523703027513609,0.987873861982143
"891",891,16,900,1015,1.72136011920707,0.0523703027513609,0.987873861982143
"892",892,16,897,1015,1.71618628482531,0.0544463876750507,0.987873861982143
"893",893,16,900,1015,1.72136011920707,0.0523703027513609,0.987873861982143
"894",894,16,900,1015,1.72136011920707,0.0523703027513609,0.987873861982143
"895",895,16,902,1015,2.23803066932953,0.206207931830109,0.987873861982143
"896",896,16,902,1015,2.23803066932953,0.206207931830109,0.987873861982143
"897",897,16,902,1015,2.23803066932953,0.206207931830109,0.987873861982143
"898",898,16,901,1015,1.72342349117724,0.0520266076473585,0.987873861982143
"899",899,16,904,1015,1.79980409891637,0.0777576233217823,0.987873861982143
"900",900,16,904,1015,1.79980409891637,0.0777576233217823,0.987873861982143
"901",901,16,904,1015,1.79980409891637,0.0777576233217823,0.987873861982143
"902",902,16,909,1015,1.73631786196717,0.0493801689760852,0.987873861982143
"903",903,16,906,1015,1.73165085720519,0.0501012001840819,0.987873861982143
"904",904,16,914,1015,1.24323924443981,0.0268179924584735,0.987873861982143
"905",905,16,912,1015,1.24167246494338,0.0269669906593246,0.987873861982143
"906",906,16,914,1015,1.24323924443981,0.0268179924584735,0.987873861982143
"907",907,16,910,1015,1.73783215939068,0.0491993906621569,0.987873861982143
"908",908,16,913,1015,1.73951788896619,0.173345060741589,0.987873861982143
"909",909,16,918,1015,1.74987734369111,0.0487820813515629,0.987873861982143
"910",910,16,914,1015,1.24323924443981,0.0268179924584735,0.987873861982143
"911",911,16,921,1015,1.75447828968443,0.0490755486799424,0.987873861982143
"912",912,16,923,1015,1.75761935089866,0.0494151906880892,0.987873861982143
"913",913,16,923,1015,1.75761935089866,0.0494151906880892,0.987873861982143
"914",914,16,924,1015,1.75713295313489,0.0502749596258216,0.987873861982143
"915",915,16,923,1015,1.75761935089866,0.0494151906880892,0.987873861982143
"916",916,16,923,1015,1.75761935089866,0.0494151906880892,0.987873861982143
"917",917,16,919,1015,1.75216049905695,0.04878860991998,0.987873861982143
"918",918,16,928,1015,1.76584610849114,0.050867135852112,0.987873861982143
"919",919,16,924,1015,1.75713295313489,0.0502749596258216,0.987873861982143
"920",920,16,924,1015,1.75713295313489,0.0502749596258216,0.987873861982143
"921",921,16,924,1015,1.75713295313489,0.0502749596258216,0.987873861982143
"922",922,16,925,1015,1.63191263590225,0.188840229257305,0.987873861982143
"923",923,16,930,1015,1.92248272889118,0.208496897289894,0.987873861982143
"924",924,16,931,1015,1.67584930555523,0.0990249423092417,0.987873861982143
"925",925,16,931,1015,1.67584930555523,0.0990249423092417,0.987873861982143
"926",926,16,927,1015,1.25058001365238,0.0372596919452154,0.987873861982143
"927",927,16,934,1015,1.77737419254112,0.053948586023605,0.987873861982143
"928",928,16,935,1015,1.7795413675556,0.0546751742657926,0.987873861982143
"929",929,16,939,1015,1.89043199643312,0.200739734474294,0.987873861982143
"930",930,16,934,1015,1.77737419254112,0.053948586023605,0.987873861982143
"931",931,16,940,1015,1.79233882718061,0.0597279042875438,0.987873861982143
"932",932,16,937,1015,1.4804017983924,0.168411814686558,0.987873861982143
"933",933,16,940,1015,1.79233882718061,0.0597279042875438,0.987873861982143
"934",934,16,940,1015,1.79233882718061,0.0597279042875438,0.987873861982143
"935",935,16,940,1015,1.79233882718061,0.0597279042875438,0.987873861982143
"936",936,16,943,1015,1.80274169538479,0.0646139309462133,0.987873861982143
"937",937,16,941,1015,1.79547184632083,0.0611743500997776,0.987873861982143
"938",938,16,941,1015,1.79547184632083,0.0611743500997776,0.987873861982143
"939",939,16,949,1015,1.84475119347958,0.0871691783716483,0.987873861982143
"940",940,16,945,1015,1.81198562550859,0.0693554724876576,0.987873861982143
"941",941,16,943,1015,1.80274169538479,0.0646139309462133,0.987873861982143
"942",942,16,951,1015,1.87542148504735,0.103003426396105,0.987873861982143
"943",943,16,947,1015,1.82483221402809,0.0762888350852047,0.987873861982143
"944",944,16,952,1015,1.89406904219056,0.111922100056769,0.987873861982143
"945",945,16,952,1015,1.89406904219056,0.111922100056769,0.987873861982143
"946",946,16,949,1015,1.84475119347958,0.0871691783716483,0.987873861982143
"947",947,16,955,1015,1.9636978216806,0.141903289847238,0.987873861982143
"948",948,16,954,1015,1.93715147975377,0.130998240978339,0.987873861982143
"949",949,16,955,1015,1.9636978216806,0.141903289847238,0.987873861982143
"950",950,16,962,1015,2.28960362643177,0.08002955104273,0.987873861982143
"951",951,16,963,1015,2.29390285114263,0.0777498343112609,0.987873861982143
"952",952,16,961,1015,2.28484605464118,0.0827467609187545,0.987873861982143
"953",953,16,957,1015,2.0524196386894,0.170096850203072,0.987873861982143
"954",954,16,961,1015,2.28484605464118,0.0827467609187545,0.987873861982143
"955",955,16,964,1015,2.29785357653506,0.0758065703149294,0.987873861982143
"956",956,16,962,1015,2.28960362643177,0.08002955104273,0.987873861982143
"957",957,16,965,1015,2.30153264498785,0.0741337701971444,0.987873861982143
"958",958,16,959,1015,2.27312003147469,0.0902452652449561,0.987873861982143
"959",959,16,973,1015,2.32561543096405,0.0665996799744142,0.987873861982143
"960",960,16,970,1015,2.31735657938691,0.0685147994436313,0.987873861982143
"961",961,16,969,1015,1.9338005662489,0.126035203281286,0.987873861982143
"962",962,16,970,1015,2.31735657938691,0.0685147994436313,0.987873861982143
"963",963,16,972,1015,1.87864541076453,0.0487597123293127,0.987873861982143
"964",964,16,969,1015,1.9338005662489,0.126035203281286,0.987873861982143
"965",965,16,971,1015,2.35271467268961,0.0824804287172099,0.987873861982143
"966",966,16,973,1015,2.32561543096405,0.0665996799744142,0.987873861982143
"967",967,16,971,1015,2.35271467268961,0.0824804287172099,0.987873861982143
"968",968,16,972,1015,1.87864541076453,0.0487597123293127,0.987873861982143
"969",969,16,973,1015,2.32561543096405,0.0665996799744142,0.987873861982143
"970",970,16,975,1015,2.33253127542938,0.0661172471152027,0.987873861982143
"971",971,16,984,1015,2.35519295059157,0.0652197209271183,0.987873861982143
"972",972,16,977,1015,2.3349591512999,0.0651104109590001,0.987873861982143
"973",973,16,983,1015,2.30067404406769,0.259547746785678,0.987873861982143
"974",974,16,980,1015,2.34342899901961,0.064913828654114,0.987873861982143
"975",975,16,984,1015,2.35519295059157,0.0652197209271183,0.987873861982143
"976",976,16,987,1015,2.38384691783706,0.065929787187945,0.987873861982143
"977",977,16,983,1015,2.30067404406769,0.259547746785678,0.987873861982143
"978",978,16,987,1015,2.38384691783706,0.065929787187945,0.987873861982143
"979",979,16,981,1015,2.52290813920479,0.10598751956794,0.987873861982143
"980",980,16,988,1015,2.36409531994649,0.0671731086429843,0.987873861982143
"981",981,16,988,1015,2.36409531994649,0.0671731086429843,0.987873861982143
"982",982,16,987,1015,2.38384691783706,0.065929787187945,0.987873861982143
"983",983,16,987,1015,2.38384691783706,0.065929787187945,0.987873861982143
"984",984,16,994,1015,2.38259922421255,0.072815744287511,0.987873861982143
"985",985,16,995,1015,2.38624851057106,0.0743093085709602,0.987873861982143
"986",986,16,996,1015,2.39016903443129,0.0760421269348633,0.987873861982143
"987",987,16,993,1015,2.37916678067309,0.0715201737714161,0.987873861982143
"988",988,16,995,1015,2.38624851057106,0.0743093085709602,0.987873861982143
"989",989,16,998,1015,2.39916555712347,0.0804859984952412,0.987873861982143
"990",990,16,997,1015,2.39443700887857,0.078072425340762,0.987873861982143
"991",991,16,1003,1015,2.47937651209011,0.128870232430145,0.987873861982143
"992",992,16,998,1015,2.39916555712347,0.0804859984952412,0.987873861982143
"993",993,16,997,1015,2.39443700887857,0.078072425340762,0.987873861982143
"994",994,16,1005,1015,2.5686857183731,0.157777858089038,0.987873861982143
"995",995,16,996,1015,2.39016903443129,0.0760421269348633,0.987873861982143
"996",996,16,1000,1015,2.41086421090909,0.0871034523623375,0.987873861982143
"997",997,16,1003,1015,2.47937651209011,0.128870232430145,0.987873861982143
"998",998,16,1001,1015,2.41881920368213,0.0920200504866608,0.987873861982143
"999",999,16,1006,1015,2.59211533937084,0.163928235232722,0.987873861982143
"1000",1000,16,1008,1015,2.6393405106542,0.179080949906817,0.987873861982143
